Name,CreationTime,LastModified,Status
amuinte,2024-11-01T13:17:27+05:00,2024-11-01T13:17:27+05:00,Active
amudeF,2024-11-01T14:00:12+05:00,2024-11-01T14:00:12+05:00,Active
amuintefdsf,2024-11-01T14:28:17+05:00,2024-11-01T14:28:17+05:00,Active
asd,2024-11-01T15:37:49+05:00,2024-11-01T15:37:49+05:00,Active
asdd,2024-11-01T15:39:39+05:00,2024-11-01T15:39:39+05:00,Active
asdd,2024-11-01T16:07:25+05:00,2024-11-01T16:07:25+05:00,Active
asdd,2024-11-01T16:07:37+05:00,2024-11-01T16:07:37+05:00,Active
asdds,2024-11-01T16:08:04+05:00,2024-11-01T16:08:04+05:00,Active
asdds,2024-11-01T16:08:09+05:00,2024-11-01T16:08:09+05:00,Active
asdds,2024-11-01T16:09:13+05:00,2024-11-01T16:09:13+05:00,Active
asdds,2024-11-01T16:11:19+05:00,2024-11-01T16:11:19+05:00,Active
asdds,2024-11-01T16:11:53+05:00,2024-11-01T16:11:53+05:00,Active
asdds,2024-11-01T16:11:59+05:00,2024-11-01T16:11:59+05:00,Active
asdds,2024-11-01T16:12:03+05:00,2024-11-01T16:12:03+05:00,Active
asdds,2024-11-01T16:12:04+05:00,2024-11-01T16:12:04+05:00,Active
asdds,2024-11-01T16:12:05+05:00,2024-11-01T16:12:05+05:00,Active
asdds,2024-11-01T16:12:06+05:00,2024-11-01T16:12:06+05:00,Active
asdds,2024-11-01T16:12:06+05:00,2024-11-01T16:12:06+05:00,Active
asdds,2024-11-01T16:12:07+05:00,2024-11-01T16:12:07+05:00,Active
asddss,2024-11-01T16:12:09+05:00,2024-11-01T16:12:09+05:00,Active
asddss,2024-11-01T16:12:11+05:00,2024-11-01T16:12:11+05:00,Active
asddss,2024-11-01T16:12:12+05:00,2024-11-01T16:12:12+05:00,Active
asddss,2024-11-01T16:12:12+05:00,2024-11-01T16:12:12+05:00,Active
asddss,2024-11-01T16:12:13+05:00,2024-11-01T16:12:13+05:00,Active
asddss,2024-11-01T16:12:14+05:00,2024-11-01T16:12:14+05:00,Active
asddss,2024-11-01T16:12:15+05:00,2024-11-01T16:12:15+05:00,Active
asddss,2024-11-01T16:12:16+05:00,2024-11-01T16:12:16+05:00,Active
asddss,2024-11-01T16:12:18+05:00,2024-11-01T16:12:18+05:00,Active
asddss,2024-11-01T16:12:25+05:00,2024-11-01T16:12:25+05:00,Active
asddss,2024-11-01T16:12:26+05:00,2024-11-01T16:12:26+05:00,Active
asddss,2024-11-01T16:12:30+05:00,2024-11-01T16:12:30+05:00,Active
asddss,2024-11-01T16:12:31+05:00,2024-11-01T16:12:31+05:00,Active
asddss,2024-11-01T16:12:32+05:00,2024-11-01T16:12:32+05:00,Active
asddss,2024-11-01T16:12:50+05:00,2024-11-01T16:12:50+05:00,Active
